JAN,1,26,22,18,16,15,14,83,61,37,1017,1015,1012,31,14,10,32,14,-,0,
JAN,2,24,21,18,16,15,14,88,65,45,1014,1013,1011,31,13,10,24,13,-,0,
JAN,3,24,22,19,19,16,14,88,65,51,1017,1014,1012,31,12,3,34,21,48,0,"Rain , Snow"
JAN,4,24,22,19,19,17,14,100,76,49,1018,1016,1014,31,9,1,35,21,47,36.07,Rain
JAN,5,21,19,17,18,17,15,94,81,65,1017,1015,1013,16,9,5,39,31,-,6.1,Rain
JAN,6,19,18,17,18,17,15,100,90,76,1014,1012,1010,14,7,3,47,31,61,13.97,Rain
JAN,7,22,19,17,17,16,13,100,78,56,1019,1014,1011,26,10,4,55,34,64,0,Rain
JAN,8,25,20,16,16,13,11,82,62,36,1022,1019,1017,26,13,10,24,16,-,0,
JAN,9,26,22,18,17,16,13,83,63,37,1022,1020,1017,31,13,10,27,13,-,0,
JAN,10,28,23,19,19,17,16,88,66,37,1021,1018,1015,31,13,10,39,13,-,0,
JAN,11,34,28,21,21,19,18,83,60,33,1015,1011,1007,31,17,10,35,18,-,0,Thunderstorm
JAN,12,33,28,22,22,19,17,89,69,30,1019,1012,1008,31,13,9,48,18,71,0,
JAN,13,28,24,21,21,19,17,88,69,48,1020,1016,1013,26,13,10,34,21,-,0,
JAN,14,40,28,17,22,19,15,94,70,15,1020,1012,1007,26,9,3,93,23,113,8.89,"Rain , Thunderstorm"
JAN,15,20,17,14,17,14,11,100,80,46,1027,1023,1019,26,9,3,50,39,69,4.06,Rain
JAN,16,22,19,16,16,13,10,94,65,38,1027,1026,1025,26,12,10,34,27,52,0.51,Rain
JAN,17,24,20,16,16,14,11,88,63,32,1026,1023,1021,31,13,10,26,19,-,0,
JAN,18,27,22,17,17,15,12,83,63,32,1021,1019,1016,31,14,10,29,14,-,0,
JAN,19,33,26,19,21,17,14,88,59,28,1017,1014,1011,31,31,31,35,16,-,0,
JAN,20,39,31,22,22,16,5,89,50,6,1013,1011,1008,31,19,10,39,18,58,0,Rain
JAN,21,37,30,23,23,21,17,100,68,21,1014,1010,1005,31,10,2,48,16,66,21.08,"Rain , Thunderstorm"
JAN,22,27,24,22,23,22,21,94,87,68,1012,1008,1005,26,11,1,27,16,-,21.08,Rain
JAN,23,25,23,21,22,20,17,95,81,63,1012,1007,1002,31,11,5,39,19,52,0.51,Rain
JAN,24,24,22,20,19,17,16,88,71,49,1013,1012,1011,26,11,6,26,19,37,0.25,Rain
JAN,25,25,23,21,20,18,16,88,72,54,1016,1013,1012,31,12,9,27,13,-,0,"Rain , Thunderstorm"
JAN,26,27,23,20,20,18,16,94,69,44,1018,1016,1014,31,12,6,27,14,-,0.25,Rain
JAN,27,26,23,20,20,18,16,100,69,47,1018,1014,1010,26,11,5,32,19,48,0,Rain
JAN,28,29,25,21,22,19,18,88,70,48,1011,1006,1002,31,12,7,32,19,-,0.25,Rain
JAN,29,29,26,22,22,21,18,94,78,44,1005,1002,1000,31,12,5,39,14,48,4.06,"Rain , Thunderstorm"
JAN,30,25,22,19,23,21,18,100,87,71,1005,1003,1001,31,11,0,39,16,66,23.11,"Rain , Thunderstorm"
JAN,31,31,24,18,21,17,6,100,68,13,1005,1003,1000,31,12,4,29,16,-,0,
FEB,1,24,22,20,19,17,11,83,68,36,1006,1003,1001,31,13,6,32,13,48,0.51,"Rain , Thunderstorm"
FEB,2,26,21,16,18,15,13,88,65,42,1006,1005,1003,31,15,10,26,16,35,0,
FEB,3,30,24,19,20,17,13,83,61,31,1008,1003,1001,31,16,10,37,13,-,0,
FEB,4,24,21,19,21,17,14,100,76,50,1016,1011,1007,19,9,3,53,42,72,2.03,Rain
FEB,5,23,21,19,17,15,12,73,61,43,1019,1016,1014,19,11,9,47,39,-,0,Rain
FEB,6,26,23,20,19,16,14,88,62,36,1018,1017,1016,26,12,6,34,27,-,0.51,Rain
FEB,7,26,23,20,19,17,15,83,68,43,1019,1017,1016,31,12,10,26,14,-,0,
FEB,8,27,23,19,19,18,17,88,72,50,1020,1018,1017,31,13,10,24,14,-,0,
FEB,9,26,23,21,19,18,14,83,68,43,1021,1019,1018,31,13,10,32,19,52,0.25,Rain
FEB,10,29,24,20,19,17,13,83,61,31,1018,1014,1011,26,13,10,37,14,-,0,
FEB,11,27,23,20,19,18,16,83,65,40,1016,1014,1012,31,13,10,27,13,-,0,
FEB,12,29,25,21,20,19,17,88,66,39,1017,1015,1013,31,13,10,32,13,-,0,
FEB,13,30,26,22,19,18,17,83,60,39,1015,1012,1009,31,14,10,39,19,-,0,
FEB,14,36,28,21,23,19,15,89,68,20,1011,1008,1005,31,15,10,40,18,58,0,"Rain , Thunderstorm"
FEB,15,27,24,22,23,21,20,94,79,60,1012,1009,1006,19,11,10,27,21,-,0,
FEB,16,26,23,21,22,17,8,94,66,27,1012,1008,1005,31,13,10,35,19,-,0,
FEB,17,24,21,19,15,12,8,78,52,29,1012,1010,1007,31,13,10,34,27,52,0,Rain
FEB,18,26,22,18,17,14,11,73,56,37,1011,1009,1007,31,13,10,24,14,-,0,
FEB,19,31,26,21,23,19,17,83,63,44,1012,1010,1008,26,13,10,35,16,-,0,
FEB,20,27,24,23,24,21,20,94,80,60,1023,1017,1012,26,11,10,50,27,-,0,Rain
FEB,21,26,23,21,21,21,19,100,82,59,1026,1024,1022,26,11,2,34,21,-,0.25,"Rain , Thunderstorm"
FEB,22,31,26,21,21,19,16,94,67,37,1026,1023,1020,31,14,10,35,11,-,0,
FEB,23,31,27,22,20,18,15,83,61,32,1022,1019,1015,31,17,10,37,16,-,0,
FEB,24,32,27,22,21,19,18,78,63,37,1017,1014,1011,31,23,10,39,23,58,0,
FEB,25,37,29,22,21,18,14,88,54,18,1013,1010,1008,31,24,19,37,16,-,0,
FEB,26,27,24,23,23,20,19,94,75,53,1018,1014,1009,26,11,9,58,26,77,0,
FEB,27,27,24,22,19,17,15,83,62,38,1020,1019,1017,26,12,10,29,19,-,0,
FEB,28,27,24,21,18,17,14,83,61,37,1020,1018,1016,31,13,10,26,13,-,0,
FEB,29,25,23,21,21,19,17,88,76,63,1022,1020,1019,31,13,10,32,13,-,0,Rain
MAR,1,30,26,21,20,18,14,94,66,27,1022,1020,1018,31,13,10,32,14,-,0,Rain
MAR,2,30,26,21,21,18,16,88,64,34,1022,1019,1017,26,12,10,39,19,-,0,
MAR,3,30,27,23,21,19,17,83,65,40,1023,1020,1018,26,13,10,42,21,-,0,
MAR,4,30,27,23,20,18,16,78,62,37,1023,1021,1019,31,13,10,35,23,-,0,
MAR,5,30,25,20,19,17,15,88,61,33,1022,1020,1018,31,14,10,37,18,-,0,
MAR,6,29,24,19,20,18,17,88,65,39,1023,1021,1020,31,14,10,39,19,-,0,
MAR,7,30,25,20,20,19,17,94,68,41,1022,1020,1018,31,13,10,39,18,-,0,
MAR,8,29,26,22,20,18,15,78,62,35,1024,1022,1021,26,12,10,32,23,-,0,
MAR,9,30,27,23,21,20,18,83,66,41,1023,1019,1016,31,12,10,39,19,-,0,
MAR,10,25,23,22,22,21,20,94,87,75,1021,1019,1017,26,12,10,34,13,-,0,
MAR,11,29,26,22,22,21,19,94,73,46,1020,1019,1017,26,12,10,34,16,-,0,
MAR,12,30,26,22,21,20,18,94,70,42,1020,1018,1016,31,14,10,39,16,-,0,
MAR,13,30,27,23,21,19,15,83,63,34,1021,1019,1016,31,13,10,32,19,-,0,
MAR,14,29,25,21,22,21,19,94,79,47,1018,1016,1014,31,12,10,34,14,48,0,Rain
MAR,15,24,22,19,21,19,18,100,86,61,1020,1018,1016,26,10,1,37,31,53,9.91,Rain
MAR,16,24,22,19,20,18,16,94,77,56,1020,1018,1017,31,11,5,39,24,50,4.06,Rain
MAR,17,26,23,19,20,18,15,94,72,40,1017,1014,1010,26,12,8,27,14,-,0,Rain
MAR,18,28,24,19,21,16,7,88,64,30,1010,1003,996,31,13,9,42,19,53,1.02,Rain
MAR,19,21,18,15,12,8,5,59,44,28,1016,1011,1005,31,14,10,35,23,-,0,
MAR,20,20,18,17,17,14,11,100,77,56,1018,1017,1015,19,9,3,40,29,50,8.89,Rain
MAR,21,20,18,15,17,15,14,100,89,73,1019,1017,1016,31,9,3,37,23,52,11.94,Rain
MAR,22,21,18,14,16,14,13,94,78,56,1018,1016,1015,31,12,8,42,26,55,2.03,Rain
MAR,23,24,19,14,15,13,12,82,63,39,1019,1017,1016,31,14,10,19,14,-,0,
MAR,24,28,22,17,17,13,7,83,56,18,1021,1019,1018,31,27,10,29,13,-,0,
MAR,25,25,22,20,18,16,13,83,66,35,1021,1017,1015,31,15,10,26,11,-,0,Rain
MAR,26,26,21,17,18,17,15,88,70,44,1019,1017,1015,31,12,10,24,14,-,0,
MAR,27,25,22,19,20,17,15,94,73,45,1019,1017,1016,31,12,4,29,16,-,26.92,Rain
MAR,28,24,21,19,20,19,18,100,86,65,1019,1017,1014,26,11,3,37,18,-,0,"Rain , Thunderstorm"
MAR,29,22,21,20,20,19,18,100,88,77,1017,1016,1015,26,11,6,35,24,-,4.06,Rain
MAR,30,28,23,19,18,12,6,88,55,16,1016,1014,1011,31,14,10,24,14,37,0,Rain
MAR,31,23,20,17,15,11,7,73,53,32,1019,1016,1014,31,14,10,32,21,55,0,
APR,1,27,22,17,19,16,13,82,64,38,1019,1016,1014,31,13,10,34,14,-,0,
APR,2,30,23,17,18,13,1,88,54,10,1020,1015,1014,26,18,10,32,13,-,0,
APR,3,24,22,19,19,17,16,94,75,56,1025,1022,1020,26,11,5,34,24,-,0.76,Rain
APR,4,23,21,18,19,18,18,100,86,65,1023,1021,1019,31,10,3,24,16,-,1.02,Rain
APR,5,27,22,18,19,18,16,96,70,39,1020,1017,1014,26,13,10,48,19,66,0.25,Rain
APR,6,34,27,19,21,17,12,88,57,17,1016,1013,1010,26,21,10,39,18,-,0,
APR,7,22,20,19,20,13,10,88,64,43,1024,1021,1015,31,12,10,42,29,-,0,
APR,8,22,20,18,17,15,13,88,72,54,1024,1022,1020,26,12,10,16,10,-,0,Rain
APR,9,23,20,16,17,16,13,94,74,48,1022,1020,1018,26,13,10,23,13,-,0,
APR,10,27,21,16,16,13,8,88,61,20,1020,1017,1014,26,21,10,26,11,-,0,
APR,11,23,19,14,16,12,8,78,57,30,1021,1017,1015,26,15,10,26,16,-,0,
APR,12,21,19,18,17,14,12,94,72,51,1025,1022,1019,26,11,5,29,21,-,0.51,Rain
APR,13,23,19,16,16,14,13,88,71,49,1029,1026,1024,31,12,10,27,14,-,0,Rain
APR,14,24,20,16,17,15,13,94,75,49,1030,1028,1027,31,12,6,32,13,-,0.25,Rain
APR,15,26,21,16,16,15,12,94,64,32,1028,1024,1021,31,22,10,32,13,-,0,
APR,16,27,22,17,19,15,11,88,66,30,1022,1019,1017,31,18,10,24,11,-,0,
APR,17,21,19,18,18,17,14,94,81,66,1022,1020,1018,26,12,9,34,26,52,1.02,Rain
APR,18,22,18,14,18,16,13,100,84,58,1022,1020,1019,26,11,1,29,16,-,21.08,Rain
APR,19,22,19,17,18,17,16,100,86,69,1023,1021,1019,26,12,4,26,16,-,0,Rain
APR,20,25,21,17,18,17,15,94,78,46,1025,1023,1021,31,12,10,21,10,-,0,
APR,21,26,22,17,18,17,16,94,74,47,1023,1021,1018,26,13,9,27,11,-,0,
APR,22,23,20,17,19,17,14,94,79,58,1022,1019,1018,31,13,9,39,18,47,0.25,Rain
APR,23,19,17,16,16,15,13,100,85,66,1027,1024,1020,31,9,3,48,34,66,6.1,Rain
APR,24,21,18,16,15,12,9,94,61,37,1031,1029,1026,26,12,2,35,24,-,0,Rain
APR,25,22,17,12,14,12,11,88,68,43,1032,1030,1029,31,13,10,16,11,-,0,
APR,26,23,18,14,16,14,12,94,72,44,1031,1029,1027,31,12,10,24,11,-,0,
APR,27,25,20,15,17,14,10,88,69,31,1028,1025,1023,31,13,10,34,14,-,0,
APR,28,26,21,16,19,16,13,94,73,35,1025,1023,1021,31,15,10,21,11,-,0,
APR,29,26,21,16,18,16,13,88,69,35,1023,1020,1017,26,15,9,23,11,-,0,
APR,30,27,22,18,18,16,14,94,68,39,1019,1017,1015,31,17,10,26,10,-,0,Rain
MAY,1,28,22,17,18,13,4,94,60,14,1015,1012,1008,31,14,8,37,18,55,0,Rain
MAY,2,23,18,13,16,8,4,82,49,23,1017,1014,1011,31,27,10,24,14,-,0.25,
MAY,3,26,19,12,11,6,0,77,41,10,1013,1010,1005,31,29,26,32,14,-,0,
MAY,4,25,20,16,17,10,6,88,54,23,1019,1014,1010,31,22,10,19,14,-,0,
MAY,5,24,19,13,16,11,5,88,61,26,1021,1018,1016,31,16,10,26,13,-,0,
MAY,6,24,19,13,14,11,7,88,63,24,1020,1018,1016,26,23,19,21,13,-,0,
MAY,7,24,18,12,18,13,9,94,70,37,1021,1019,1018,26,11,5,21,11,-,0,
MAY,8,22,19,16,17,16,15,100,82,63,1019,1015,1012,19,9,4,14,6,-,0,Rain
MAY,9,23,20,18,18,17,10,100,75,41,1011,1006,1002,26,9,1,32,14,-,0.51,Rain
MAY,10,25,21,17,11,7,5,68,40,21,1012,1006,1003,31,20,10,52,26,71,0,
MAY,11,23,18,13,5,2,-7,54,33,8,1015,1013,1012,31,29,26,37,21,-,0,
MAY,12,25,19,13,9,6,2,59,42,19,1019,1015,1012,31,31,31,35,21,-,0,
MAY,13,25,19,13,16,9,6,88,53,21,1023,1020,1018,31,30,26,23,16,-,0,
MAY,14,26,19,12,13,8,2,77,51,14,1024,1021,1018,31,30,26,21,13,-,0,
MAY,15,25,19,12,11,7,3,67,42,17,1019,1016,1013,31,27,26,21,13,-,0,
MAY,16,24,18,12,15,12,8,77,60,39,1021,1019,1017,26,13,10,34,13,-,0,
MAY,17,29,21,14,12,7,1,72,40,10,1018,1016,1013,31,28,26,27,14,-,0,
MAY,18,22,18,13,7,4,1,55,37,14,1019,1017,1014,31,22,10,29,13,50,0,
MAY,19,24,18,12,7,4,2,62,40,15,1018,1015,1013,31,14,5,35,21,-,0,
MAY,20,22,17,12,14,10,6,82,65,41,1024,1020,1016,31,14,10,27,10,-,0,
MAY,21,21,17,13,15,12,11,88,70,47,1027,1025,1023,26,12,10,13,11,-,0,
MAY,22,23,18,13,15,13,12,88,71,50,1025,1022,1018,19,10,5,21,10,-,0,
MAY,23,27,20,13,14,7,-5,88,50,10,1018,1014,1011,31,13,8,47,18,64,0,
MAY,24,21,16,11,4,1,-2,58,36,11,1018,1016,1013,31,17,10,47,27,63,0,
MAY,25,21,16,9,7,3,-3,66,43,12,1018,1015,1012,26,26,26,26,16,-,0,
MAY,26,21,17,12,10,7,4,82,51,30,1012,1005,999,31,13,10,34,18,48,0,Rain
MAY,27,18,15,12,5,1,-4,54,34,14,1007,1003,1000,31,17,10,52,34,71,0,
MAY,28,15,12,9,11,6,1,94,64,36,1012,1008,1005,31,14,9,27,18,-,4.06,Rain
MAY,29,19,13,7,9,3,0,71,50,18,1021,1016,1012,31,31,31,27,19,32,0.25,
MAY,30,17,12,7,8,4,1,67,53,26,1028,1024,1021,31,16,10,32,19,39,0,
MAY,31,16,12,8,14,11,5,94,85,63,1029,1028,1027,31,11,5,27,13,-,4.06,Rain
JUN,1,16,14,12,13,12,11,100,85,69,1029,1027,1026,31,12,10,19,13,-,0,Rain
JUN,2,18,14,11,13,11,9,94,76,55,1027,1025,1024,26,12,10,24,13,-,0,Rain
JUN,3,18,15,12,15,12,9,100,82,61,1026,1023,1019,26,11,3,32,14,-,30.99,Rain
JUN,4,21,18,15,17,16,13,100,86,64,1019,1013,1008,11,7,1,76,24,98,23.88,Rain
JUN,5,20,17,14,18,17,13,100,93,83,1009,1000,992,10,5,1,61,40,84,44.96,"Rain , Thunderstorm"
JUN,6,18,15,12,12,7,3,82,54,29,1002,998,992,31,15,10,40,29,55,0.25,Rain
JUN,7,19,14,11,9,6,3,71,52,31,1007,1003,1002,31,16,10,26,16,-,0,Rain
JUN,8,21,16,11,8,6,4,82,50,24,1012,1009,1007,31,18,10,27,18,-,0,
JUN,9,23,19,15,11,7,2,72,47,15,1011,1007,1005,31,14,10,42,24,58,0,Rain
JUN,10,22,17,12,9,7,6,77,53,26,1021,1016,1011,31,20,10,32,13,-,0,
JUN,11,20,16,11,7,3,0,72,42,21,1029,1023,1020,31,28,26,35,24,53,0,
JUN,12,17,12,7,8,4,1,76,53,23,1037,1035,1030,31,16,10,34,19,35,0,
JUN,13,19,13,7,10,6,1,82,57,33,1039,1036,1035,31,14,10,21,14,-,0,Rain
JUN,14,22,16,9,10,7,5,94,60,25,1036,1034,1031,31,27,18,19,13,-,0,
JUN,15,20,14,9,9,7,4,77,59,31,1033,1031,1028,31,13,10,16,13,-,0,
JUN,16,22,16,9,10,8,6,87,60,27,1028,1022,1018,31,15,10,24,13,-,0,
JUN,17,20,16,11,12,9,7,77,59,39,1019,1016,1014,31,15,10,27,14,-,0,Rain
JUN,18,20,17,14,16,14,12,94,81,59,1020,1016,1014,26,12,5,27,13,-,0.25,Rain
JUN,19,20,17,14,18,15,12,100,87,75,1020,1012,1002,26,9,1,45,19,63,18.03,Rain
JUN,20,21,18,15,16,10,4,94,64,30,1002,997,993,31,13,10,42,21,-,0.25,Rain
JUN,21,19,17,14,7,3,1,59,39,20,1004,1002,997,31,27,26,40,31,58,0,
JUN,22,21,17,12,8,3,0,59,41,19,1012,1005,1001,31,17,10,39,21,52,0,
JUN,23,19,14,9,7,4,2,63,46,21,1012,1009,1004,31,22,10,29,16,-,0,
JUN,24,17,13,9,8,2,-5,72,44,14,1011,1005,1001,31,18,10,63,27,76,0,Rain
JUN,25,14,10,7,1,-2,-3,57,42,26,1021,1017,1011,31,31,31,35,29,50,0,
JUN,26,16,10,5,4,1,-1,66,48,24,1021,1018,1015,31,20,10,32,19,-,0,
JUN,27,11,10,9,8,5,2,87,67,50,1017,1015,1013,26,11,2,35,18,48,2.03,Rain
JUN,28,15,12,8,6,2,0,59,49,31,1027,1022,1017,31,16,10,39,31,55,0,
JUN,29,18,12,7,7,4,2,76,55,26,1028,1026,1024,31,19,10,29,16,-,0,
JUN,30,17,11,6,5,1,-6,87,48,12,1024,1018,1013,31,27,19,32,14,-,0,
JUL,1,16,12,9,4,2,-1,66,46,24,1022,1016,1012,31,17,10,37,26,55,0,
JUL,2,18,13,8,4,3,2,71,49,24,1026,1024,1022,31,17,10,32,21,-,0,
JUL,3,18,12,6,6,3,1,81,55,24,1027,1024,1022,31,23,10,19,14,-,0,
JUL,4,16,11,6,6,4,2,81,62,31,1023,1019,1015,31,27,19,19,13,-,0,
JUL,5,19,13,8,11,7,3,94,66,36,1015,1009,1005,26,12,7,32,14,-,0.25,Rain
JUL,6,18,14,10,13,5,2,100,56,29,1008,1005,1002,26,12,3,45,29,63,28.96,Rain
JUL,7,17,14,13,14,13,11,94,87,65,1020,1015,1008,19,9,3,52,35,69,9.91,Rain
JUL,8,16,13,12,13,12,11,100,92,78,1021,1019,1017,26,9,1,27,18,-,19.05,Rain
JUL,9,16,12,8,12,10,8,94,83,56,1024,1022,1020,31,13,9,27,13,-,1.02,Rain
JUL,10,18,14,11,13,11,9,100,78,43,1025,1022,1018,31,12,6,23,13,-,0,Rain
JUL,11,20,17,13,12,9,7,88,62,32,1018,1012,1009,31,14,10,42,19,61,0,Rain
JUL,12,21,16,11,11,2,-11,94,42,5,1012,1009,1006,31,24,10,48,21,64,0,
JUL,13,14,11,8,4,-4,-9,62,33,11,1027,1019,1012,31,28,10,55,34,74,0,
JUL,14,17,11,6,0,-2,-4,66,40,14,1029,1027,1025,31,31,31,32,23,-,0,
JUL,15,16,11,6,8,2,-1,72,49,27,1031,1029,1027,31,28,26,26,16,-,0,
JUL,16,17,12,7,13,8,3,88,70,43,1033,1031,1030,31,13,10,21,13,-,0,
JUL,17,20,16,12,14,13,11,94,80,51,1031,1029,1026,31,12,5,16,11,-,0,Rain
JUL,18,25,17,9,13,11,9,100,68,28,1026,1022,1019,31,10,0,29,16,-,0,Fog
JUL,19,25,19,14,16,13,11,94,67,34,1022,1020,1018,31,23,10,14,10,-,3.05,Rain
JUL,20,18,17,15,17,16,13,100,94,78,1021,1019,1017,26,10,5,34,16,53,6.1,Rain
JUL,21,17,16,14,15,14,13,100,89,78,1020,1017,1014,26,10,4,34,19,-,0.76,Rain
JUL,22,27,19,12,16,12,11,100,63,30,1014,1004,996,31,16,6,39,19,58,4.06,Rain
JUL,23,18,14,11,16,1,-5,95,38,13,1013,1004,997,31,19,3,50,31,69,0,Rain
JUL,24,15,11,7,1,-2,-4,58,39,18,1016,1013,1011,31,29,26,29,24,-,0,
JUL,25,19,13,7,4,1,-3,76,41,13,1013,1012,1010,31,17,10,35,23,52,0,
JUL,26,18,13,9,6,2,0,58,42,20,1015,1013,1011,31,21,10,34,14,-,0,
JUL,27,19,14,11,4,2,0,58,40,18,1020,1014,1011,31,31,31,39,23,53,0,
JUL,28,20,14,8,4,2,0,71,45,17,1024,1022,1020,31,31,31,42,23,-,0,
JUL,29,19,13,7,3,2,-2,66,46,15,1023,1021,1017,31,31,31,32,19,-,0,
JUL,30,17,12,8,9,6,3,77,59,34,1023,1021,1019,31,13,10,21,14,34,0,
JUL,31,21,16,11,10,7,3,88,58,22,1019,1017,1015,31,27,26,19,11,-,0,
AUG,1,19,14,9,12,8,6,88,66,37,1018,1015,1012,26,15,10,16,11,-,0.51,Rain
AUG,2,15,13,11,12,10,7,94,81,57,1017,1014,1010,31,11,5,42,21,61,14.99,Rain
AUG,3,15,12,10,12,10,5,96,80,41,1021,1018,1015,19,9,1,55,39,72,23.88,Rain
AUG,4,16,13,11,11,7,1,94,65,26,1028,1024,1020,31,11,5,50,37,71,2.03,Rain
AUG,5,15,12,10,12,10,3,95,87,36,1031,1029,1028,31,10,4,35,23,-,2.03,Rain
AUG,6,16,12,9,11,9,8,94,77,53,1029,1027,1026,26,11,10,24,13,-,0.25,Rain
AUG,7,16,13,10,10,8,7,88,72,50,1027,1026,1024,26,12,10,27,11,-,0,
AUG,8,18,13,8,9,7,6,94,66,35,1026,1024,1022,31,13,10,16,13,-,0,
AUG,9,20,14,8,9,7,6,87,61,31,1023,1020,1016,31,27,19,24,13,-,0,
AUG,10,26,20,14,8,7,6,59,40,18,1016,1013,1010,31,29,26,29,21,-,0,
AUG,11,20,16,10,9,2,-1,67,37,15,1022,1017,1013,31,28,26,39,19,55,0,
AUG,12,19,13,7,6,1,-5,66,40,11,1024,1021,1019,31,29,26,32,21,-,0,
AUG,13,20,14,8,3,2,0,66,41,18,1023,1021,1019,31,14,10,32,19,47,0,
AUG,14,18,13,9,9,6,3,77,53,31,1030,1026,1022,31,12,10,24,14,40,0,
AUG,15,21,14,9,11,8,6,82,60,33,1033,1030,1029,31,14,10,26,13,-,0,
AUG,16,21,16,9,13,10,7,94,66,33,1031,1028,1025,31,18,2,26,13,-,0,
AUG,17,24,17,11,13,7,4,88,53,17,1026,1024,1021,26,25,23,21,13,-,0,
AUG,18,23,17,11,13,8,4,77,53,18,1024,1022,1020,31,28,19,27,13,-,0,
AUG,19,24,17,11,9,6,2,82,46,14,1021,1016,1010,31,28,10,47,18,50,0.25,
AUG,20,18,14,10,9,3,-1,82,52,22,1018,1014,1011,31,21,10,52,26,71,0,Rain
AUG,21,20,14,8,8,2,0,72,43,18,1020,1018,1016,31,23,10,27,16,35,0,
AUG,22,16,12,9,9,6,4,94,67,37,1017,1015,1012,31,14,10,37,13,55,1.02,Rain
AUG,23,16,12,8,12,8,6,94,73,43,1017,1014,1011,31,13,6,32,19,47,2.03,Rain
AUG,24,14,12,9,13,11,9,100,89,64,1016,1010,1005,14,7,1,47,26,61,23.11,Rain
AUG,25,16,12,9,9,6,1,94,64,31,1015,1010,1007,31,13,10,34,24,40,0.25,Rain
AUG,26,15,11,7,10,5,2,88,63,41,1022,1018,1015,31,12,10,37,24,50,2.03,"Rain , Thunderstorm"
AUG,27,20,13,7,10,4,-3,94,53,12,1023,1021,1019,31,14,10,23,13,-,0.25,Rain
AUG,28,19,13,8,6,3,0,66,46,18,1024,1022,1020,31,29,26,24,14,-,0,
AUG,29,20,14,8,10,5,0,76,52,20,1027,1025,1023,31,21,10,16,13,-,0,
AUG,30,21,16,11,15,10,7,78,64,40,1027,1024,1021,31,18,10,32,13,-,0,
AUG,31,24,19,15,14,12,10,88,62,30,1022,1017,1013,31,16,10,42,18,60,0,
SEP,1,23,17,12,15,9,4,83,59,20,1020,1017,1014,31,17,10,26,13,-,4.06,Rain
SEP,2,18,16,14,16,15,13,100,93,80,1014,1008,999,26,9,3,27,13,-,19.05,Rain
SEP,3,21,17,13,16,7,3,94,51,25,1015,1002,995,31,17,10,58,29,74,0.25,Rain
SEP,4,18,13,9,7,4,1,71,47,21,1027,1021,1015,31,27,10,27,13,-,0,
SEP,5,21,14,9,11,7,2,82,54,25,1030,1028,1027,31,31,31,24,14,-,0,
SEP,6,22,16,10,14,11,7,94,67,30,1030,1028,1026,31,27,18,26,13,-,0,
SEP,7,21,18,14,16,14,9,100,78,41,1032,1030,1028,31,12,10,26,16,-,0,
SEP,8,22,19,15,15,13,11,88,67,44,1030,1026,1023,26,12,10,39,16,-,0,
SEP,9,25,20,15,15,13,8,77,61,25,1023,1018,1013,26,19,10,40,19,55,0,
SEP,10,22,18,14,16,8,2,94,53,15,1016,1012,1010,26,12,4,47,34,66,0,Rain
SEP,11,19,16,12,12,8,5,82,58,35,1021,1018,1016,31,18,10,21,14,-,0,
SEP,12,21,17,12,13,9,4,88,60,28,1022,1020,1018,31,13,10,24,11,-,0,
SEP,13,19,18,16,15,14,12,88,78,63,1022,1019,1017,31,14,10,27,19,-,1.02,Rain
SEP,14,25,21,16,16,14,11,100,70,34,1017,1011,1007,31,12,7,29,13,-,0.25,Rain
SEP,15,22,18,14,15,3,-3,88,37,11,1014,1009,1007,31,31,31,47,26,64,0,
SEP,16,22,18,14,10,5,1,72,42,17,1021,1016,1013,31,16,10,32,21,50,0,Rain
SEP,17,22,17,11,9,7,5,67,47,24,1023,1020,1017,31,30,26,32,14,-,0,
SEP,18,17,14,13,14,11,7,100,77,46,1017,1009,1001,31,11,4,21,11,-,8.89,Rain
SEP,19,21,17,13,13,8,3,100,57,21,1015,1009,1002,26,11,10,45,21,58,0,
SEP,20,21,15,9,9,5,1,71,47,17,1019,1016,1015,31,29,26,26,16,-,0,
SEP,21,22,18,14,15,11,7,88,64,30,1016,1010,1006,31,14,10,27,13,-,0.51,Rain
SEP,22,19,16,13,12,9,8,88,62,41,1009,1007,1005,31,13,10,39,19,50,1.02,Rain
SEP,23,19,17,14,13,9,7,77,59,42,1012,1011,1008,31,13,10,48,29,66,0.25,
SEP,24,21,17,12,15,12,9,82,67,44,1013,1010,1007,31,14,10,21,16,-,0,
SEP,25,21,17,14,15,12,9,94,71,38,1011,1007,1004,26,11,5,32,14,-,6.1,"Rain , Thunderstorm"
SEP,26,19,16,12,12,6,2,88,53,24,1013,1011,1009,31,14,10,32,21,37,0,
SEP,27,23,17,11,4,1,-6,62,34,8,1013,1010,1005,31,16,10,48,24,64,0,
SEP,28,20,14,9,8,5,2,62,45,27,1014,1012,1008,31,15,10,32,19,-,0,
SEP,29,23,18,13,13,7,-3,88,52,10,1008,999,993,31,14,9,40,19,55,0.51,Rain
SEP,30,19,16,13,4,2,0,51,36,21,1002,999,997,31,29,26,47,29,63,0,
OCT,1,22,17,12,6,3,2,63,36,17,1011,1005,1001,31,29,26,53,26,76,0,
OCT,2,26,19,12,13,7,2,67,42,14,1013,1009,1005,31,31,31,32,14,-,0,
OCT,3,26,21,17,11,2,-13,46,27,4,1006,1001,997,31,15,10,61,29,80,0,Rain
OCT,4,24,18,12,6,1,-2,55,29,10,1009,1005,1002,31,16,10,61,27,76,0,
OCT,5,23,17,11,6,-2,-11,59,27,4,1017,1014,1008,31,30,26,42,31,71,0,
OCT,6,28,21,13,8,2,-4,46,27,7,1021,1018,1016,31,28,19,39,16,45,0,
OCT,7,31,23,16,9,5,0,59,30,8,1021,1018,1014,31,28,26,32,16,48,0,
OCT,8,24,20,16,15,9,4,78,53,18,1023,1017,1013,31,12,10,47,26,64,0,
OCT,9,22,18,13,12,8,5,67,47,24,1023,1020,1013,31,18,10,47,24,63,0,
OCT,10,34,26,17,15,8,2,64,36,12,1013,1007,1004,31,31,31,48,26,76,4.06,
OCT,11,19,16,13,8,1,-4,72,35,12,1017,1013,1010,31,19,10,40,29,60,0.25,Rain
OCT,12,22,16,9,7,2,-3,58,38,12,1017,1015,1012,31,19,10,24,16,-,6.1,
OCT,13,16,14,12,13,8,3,94,62,34,1025,1021,1016,31,12,3,45,34,61,0.25,Rain
OCT,14,20,14,8,8,5,2,71,49,23,1026,1024,1022,31,14,10,24,16,-,0.25,
OCT,15,26,18,11,8,6,-3,82,44,7,1024,1019,1015,31,31,31,39,18,58,0,
OCT,16,28,22,16,14,7,2,60,36,11,1016,1011,1006,31,23,11,50,23,50,0,
OCT,17,24,19,14,12,8,4,82,47,17,1013,1007,1003,31,14,9,42,23,32,2.03,Rain
OCT,18,26,18,11,7,3,0,72,35,11,1014,1012,1010,31,20,10,39,18,48,0,
OCT,19,23,19,15,9,4,-6,59,38,7,1023,1017,1013,31,16,10,34,21,42,0,
OCT,20,22,18,14,13,8,6,68,47,28,1024,1022,1020,31,13,10,40,23,58,0,Rain
OCT,21,27,21,16,17,13,9,77,59,29,1022,1015,1010,26,13,9,45,21,55,0,Rain
OCT,22,21,17,12,17,12,-1,100,75,20,1015,1010,1007,31,11,1,39,21,52,1.02,"Rain , Thunderstorm"
OCT,23,17,13,10,9,5,1,82,52,30,1020,1017,1014,31,13,10,48,31,66,0.51,Rain
OCT,24,18,14,9,10,6,2,72,52,25,1020,1018,1016,26,14,10,27,19,-,0,
OCT,25,25,18,11,14,9,3,77,53,20,1019,1016,1013,31,27,19,34,14,-,0,
OCT,26,28,21,14,13,8,3,77,43,13,1016,1014,1012,31,27,10,32,11,-,0,
OCT,27,21,18,15,16,13,8,94,70,31,1021,1015,1011,26,11,5,35,19,52,0.51,Rain
OCT,28,19,17,14,16,12,8,94,68,47,1021,1019,1018,26,12,6,24,16,-,1.02,Rain
OCT,29,25,21,16,18,16,13,95,76,40,1020,1018,1016,26,11,6,35,18,-,0,Rain
OCT,30,26,23,19,19,17,15,83,70,48,1017,1010,1004,31,13,9,39,23,-,0.25,"Rain , Thunderstorm"
OCT,31,22,19,15,15,3,-6,64,34,9,1015,1010,1003,31,25,10,42,26,52,0.25,
NOV,1,22,17,12,10,4,-1,59,37,17,1015,1012,1008,31,28,26,32,16,-,0,
NOV,2,23,18,13,11,6,1,72,42,15,1017,1014,1012,26,26,26,29,16,-,0,
NOV,3,26,20,14,17,12,5,83,57,16,1019,1016,1013,31,16,10,35,11,-,0,
NOV,4,31,23,16,17,8,-5,94,43,4,1017,1011,1006,31,24,10,34,16,-,0,
NOV,5,26,22,18,4,-3,-11,31,16,4,1010,1005,1000,31,19,10,61,29,72,0,
NOV,6,22,18,14,7,2,-4,46,28,11,1013,1009,1007,31,31,31,34,23,50,0,
NOV,7,30,22,15,15,9,3,59,39,10,1012,1008,1004,31,28,18,42,18,55,0,
NOV,8,26,22,18,18,16,7,94,73,20,1012,1008,1005,26,12,9,39,16,61,2.03,Rain
NOV,9,20,18,17,17,16,15,94,86,75,1013,1011,1008,19,11,8,34,21,-,7.11,"Rain , Thunderstorm"
NOV,10,24,20,16,16,16,14,94,74,47,1011,1009,1006,26,12,10,24,11,-,0.25,
NOV,11,24,21,17,17,16,13,88,71,44,1013,1010,1009,31,12,10,27,18,-,0,Rain
NOV,12,34,26,18,20,14,2,94,55,8,1009,1001,995,31,12,4,50,21,69,0,"Rain , Thunderstorm"
NOV,13,30,24,18,14,4,-7,64,28,5,1001,998,995,31,24,10,58,21,82,0,
NOV,14,22,19,17,14,9,4,82,51,28,1013,1004,998,31,13,10,48,27,60,0.51,Rain
NOV,15,21,18,15,13,10,7,82,58,31,1018,1015,1012,31,14,10,40,24,37,0,Rain
NOV,16,23,18,14,13,11,9,77,58,36,1025,1020,1016,31,15,10,29,16,-,0,
NOV,17,24,20,16,14,13,12,82,61,39,1026,1023,1019,31,14,10,35,19,-,0,
NOV,18,34,26,17,13,11,8,73,41,13,1020,1015,1012,31,27,26,29,16,-,0.25,
NOV,19,27,23,18,18,16,11,94,70,26,1022,1017,1014,26,11,10,37,24,58,0,
NOV,20,27,22,18,18,15,13,78,62,37,1021,1019,1017,26,13,10,34,14,-,0,
NOV,21,30,25,20,20,18,17,88,66,36,1020,1016,1014,26,15,10,35,11,53,0,
NOV,22,33,27,21,19,16,13,83,55,23,1015,1013,1011,26,17,10,47,19,-,0,Rain
NOV,23,28,23,17,19,17,12,100,75,39,1013,1009,1006,26,11,4,39,16,50,3.05,"Rain , Thunderstorm"
NOV,24,21,17,13,15,9,4,83,54,28,1014,1012,1010,31,14,10,45,31,61,0,
NOV,25,23,19,15,14,10,3,72,52,19,1017,1013,1012,31,16,10,29,16,-,0,
NOV,26,25,21,17,17,13,11,83,58,34,1017,1015,1012,31,13,10,39,18,-,0,
NOV,27,23,21,18,17,16,15,88,71,52,1019,1017,1015,26,12,10,27,26,-,0,Rain
NOV,28,28,24,20,20,18,17,88,67,41,1018,1012,1008,26,12,10,34,19,-,0,"Rain , Thunderstorm"
NOV,29,23,21,19,20,17,14,94,76,54,1014,1011,1009,26,12,10,35,24,-,0,
NOV,30,26,22,18,18,16,14,83,68,37,1014,1010,1007,31,12,10,37,18,50,0,Rain
DEC,1,30,24,18,18,15,9,83,56,20,1009,1006,1004,31,20,10,35,13,-,0,Rain
DEC,2,35,27,19,20,12,3,88,46,8,1013,1008,1006,31,19,10,45,11,66,0,
DEC,3,25,22,20,20,17,14,94,67,40,1017,1015,1012,26,12,10,34,23,-,0,
DEC,4,27,23,19,20,17,16,83,66,44,1016,1014,1011,31,13,10,35,14,-,0,
DEC,5,32,26,21,23,21,18,94,75,40,1013,1009,1005,26,11,6,50,18,71,9.91,"Rain , Thunderstorm"
DEC,6,25,22,20,21,19,17,94,83,71,1014,1011,1009,19,11,5,26,18,-,2.03,Rain
DEC,7,25,22,19,20,17,14,94,71,46,1016,1014,1012,26,12,10,29,23,-,0.25,Rain
DEC,8,29,24,21,22,18,13,89,64,35,1014,1004,996,31,14,10,48,26,66,0,"Rain , Thunderstorm"
DEC,9,27,22,18,14,6,-5,60,36,6,1019,1009,998,31,15,10,53,34,72,0,
DEC,10,23,20,16,14,12,10,77,55,37,1023,1021,1018,31,12,10,34,18,-,0,
DEC,11,26,23,20,18,16,12,73,59,30,1023,1021,1019,26,13,10,32,23,-,0,
DEC,12,28,24,20,18,16,15,73,58,37,1023,1020,1016,26,14,10,42,21,60,0,
DEC,13,37,29,21,19,14,6,83,45,8,1017,1012,1009,31,17,10,39,18,55,0,
DEC,14,36,28,21,20,11,3,94,37,7,1014,1008,1006,31,15,6,47,24,58,0.51,Rain
DEC,15,21,18,16,18,16,14,100,90,71,1019,1016,1014,14,8,3,32,24,-,6.1,Rain
DEC,16,22,19,16,20,18,16,100,94,83,1018,1012,1007,31,8,4,24,16,-,10.92,Rain
DEC,17,34,26,17,20,16,8,94,58,12,1012,1006,1004,31,16,10,58,18,76,0,
DEC,18,21,19,17,17,12,9,83,62,41,1023,1019,1012,26,11,9,47,32,64,0.25,Rain
DEC,19,24,20,17,13,11,9,77,50,31,1022,1018,1014,31,13,10,37,19,52,0,Rain
DEC,20,29,23,17,19,15,12,88,54,31,1015,1008,1003,31,19,10,50,21,63,0,"Rain , Thunderstorm"
DEC,21,25,21,18,19,16,14,88,69,45,1018,1012,1007,26,11,10,40,29,-,0,Rain
DEC,22,24,22,19,14,13,13,68,57,43,1020,1018,1017,26,12,10,26,19,-,0,Rain
DEC,23,26,23,21,17,15,13,73,57,38,1019,1017,1014,31,13,10,39,23,-,0,
DEC,24,27,23,19,19,18,17,88,71,49,1016,1014,1013,26,13,10,29,14,37,0.25,"Rain , Thunderstorm"
DEC,25,29,23,18,19,18,16,94,68,35,1017,1015,1014,31,14,10,42,18,61,0,
DEC,26,31,26,21,19,18,16,83,61,36,1016,1013,1010,31,16,10,45,26,63,0.25,
DEC,27,26,23,21,21,19,18,88,75,53,1015,1013,1010,26,14,10,32,16,-,0,
DEC,28,29,25,21,19,18,16,83,63,35,1014,1010,1007,26,16,10,48,26,64,0,
DEC,29,37,30,22,21,16,11,78,46,15,1008,1005,1003,31,28,23,26,13,-,0,
DEC,30,35,29,23,22,17,11,89,51,17,1006,1002,1000,26,15,10,34,13,-,0,Rain
DEC,31,26,24,22,21,21,19,88,78,62,1007,1004,1001,31,12,10,29,18,-,0,Rain
