JAN,1,35,26,16,15,12,8,62,36,18,1018,1016,1014,6,3,2,19,5,-,0,
JAN,2,33,24,15,17,13,7,77,42,16,1020,1017,1016,6,3,1,19,5,-,0,
JAN,3,32,22,13,18,14,8,80,49,23,1018,1016,1013,4,2,1,19,5,-,0,
JAN,4,34,24,14,17,13,8,78,43,20,1018,1015,1013,4,3,2,19,5,-,0,
JAN,5,32,23,14,15,13,11,75,44,25,1017,1014,1012,4,2,2,16,5,-,0,
JAN,6,33,24,15,17,14,11,81,46,20,1017,1014,1012,3,2,1,16,5,-,0,
JAN,7,32,26,19,19,16,14,77,54,28,1017,1015,1014,3,2,1,14,5,-,0,
JAN,8,33,26,18,19,16,12,81,52,29,1018,1015,1013,3,2,1,16,5,-,0,
JAN,9,32,24,17,17,13,8,76,45,21,1016,1014,1011,5,3,1,19,5,-,0,
JAN,10,33,24,16,17,12,9,69,42,20,1016,1014,1012,3,2,1,27,6,-,0,
JAN,11,33,25,17,18,14,10,75,47,24,1016,1014,1012,3,2,2,24,5,32,0,
JAN,12,29,24,18,20,17,13,85,62,37,1015,1013,1011,3,2,1,19,6,-,0,
JAN,13,29,24,19,19,17,14,85,62,36,1015,1012,1010,3,2,1,19,6,-,0,
JAN,14,28,22,17,18,17,13,90,63,37,1015,1013,1011,4,2,1,26,5,34,0,
JAN,15,28,22,17,21,16,14,86,62,35,1014,1012,1011,5,3,2,21,8,-,0,
JAN,16,28,23,17,18,16,12,83,59,31,1014,1012,1010,5,3,2,16,5,-,0,
JAN,17,29,23,16,17,14,9,84,56,19,1014,1011,1009,8,3,2,19,6,-,0,
JAN,18,29,22,16,18,14,9,90,57,31,1014,1011,1009,5,2,1,19,6,39,0,
JAN,19,28,22,15,14,10,4,79,42,13,1014,1012,1010,5,3,1,21,8,-,0,
JAN,20,30,21,12,13,8,0,62,39,8,1016,1014,1011,5,3,2,23,8,32,0,
JAN,21,31,23,15,13,9,4,68,38,13,1018,1014,1012,4,3,2,21,8,-,0,
JAN,22,32,24,17,13,7,3,42,29,11,1017,1014,1012,4,3,2,23,11,-,0,
JAN,23,34,24,16,14,8,3,57,32,12,1017,1014,1012,5,3,2,23,8,-,0,
JAN,24,33,24,16,14,11,7,67,36,16,1017,1014,1013,4,3,2,19,6,-,0,
JAN,25,32,23,15,13,11,6,75,41,16,1015,1014,1011,8,3,1,21,6,-,0,
JAN,26,29,21,13,17,12,4,74,47,16,1015,1013,1012,5,3,2,23,5,-,0,
JAN,27,28,22,16,19,16,11,88,62,35,1016,1014,1012,4,3,2,19,6,-,0,
JAN,28,32,23,14,19,15,9,86,54,24,1016,1013,1011,3,2,1,16,5,-,0,
JAN,29,33,24,17,20,17,13,90,55,25,1016,1014,1012,4,2,1,19,5,-,0,
JAN,30,32,25,18,21,18,14,78,57,35,1017,1014,1012,3,2,2,16,10,-,0,
JAN,31,32,25,18,20,18,16,87,60,32,1015,1013,1011,4,2,1,19,6,-,0,
FEB,1,32,26,18,19,17,13,87,57,32,1016,1014,1012,4,2,1,19,6,-,0,
FEB,2,33,25,17,19,16,11,76,50,26,1017,1014,1012,4,3,2,19,8,-,0,
FEB,3,32,23,15,16,13,9,83,47,21,1016,1014,1012,8,3,2,127,8,-,0,
FEB,4,30,22,14,17,14,10,82,52,23,1015,1013,1011,4,3,2,23,6,-,0,
FEB,5,29,22,16,20,18,12,90,68,23,1015,1012,1010,4,2,1,16,5,-,0,
FEB,6,28,22,17,20,16,10,90,65,27,1014,1011,1009,5,3,1,19,6,-,0,
FEB,7,28,22,17,18,16,14,90,59,35,1017,1014,1010,10,4,2,21,8,-,0,
FEB,8,30,22,14,19,17,14,83,62,35,1015,1013,1011,8,4,2,19,6,-,0,
FEB,9,30,23,17,21,18,15,89,64,33,1014,1012,1010,5,2,1,21,6,-,0,
FEB,10,30,24,19,21,17,7,90,60,24,1015,1012,1010,7,3,1,130,6,-,0,
FEB,11,27,23,19,21,19,16,83,69,48,1014,1012,1011,7,4,2,21,10,39,0,
FEB,12,27,22,17,19,17,15,88,66,37,1015,1013,1011,5,4,2,23,8,34,0,
FEB,13,28,22,17,17,16,14,80,60,37,1016,1013,1011,4,3,2,21,8,35,0,
FEB,14,31,23,16,17,12,7,76,47,19,1014,1013,1010,4,3,1,24,10,-,0,
FEB,15,30,23,16,21,12,7,88,40,22,1015,1013,1011,4,3,2,21,6,32,0,
FEB,16,32,25,18,21,16,9,78,54,23,1014,1012,1010,4,3,2,21,8,-,0,
FEB,17,31,26,21,23,21,13,90,73,34,1015,1013,1011,3,2,1,24,6,32,0,
FEB,18,32,25,18,21,19,17,86,62,36,1014,1012,1010,3,3,2,23,5,-,0,
FEB,19,31,26,21,23,20,17,83,67,39,1016,1014,1012,4,3,2,21,6,32,0,
FEB,20,31,26,21,22,19,17,84,58,40,1017,1014,1012,4,3,2,23,6,-,0,
FEB,21,32,27,21,20,14,6,65,43,16,1015,1013,1011,4,3,2,19,8,-,0,
FEB,22,33,26,18,14,8,2,55,31,11,1016,1014,1012,5,4,2,24,10,-,0,
FEB,23,32,24,17,22,16,9,83,54,35,1014,1011,1008,4,3,2,21,8,-,0,
FEB,24,30,25,20,22,21,19,92,75,47,1013,1011,1010,5,3,1,26,8,-,0,
FEB,25,30,24,19,22,19,14,92,67,30,1015,1012,1010,4,3,1,21,6,-,0,
FEB,26,32,25,18,22,19,15,94,66,30,1015,1013,1011,4,2,1,21,3,-,0,
FEB,27,32,26,20,23,20,14,93,65,36,1015,1013,1011,2,2,1,21,6,-,0,
FEB,28,32,27,22,24,22,18,92,72,40,1016,1014,1012,4,2,1,23,6,-,0,
FEB,29,32,27,21,24,22,17,89,67,41,1017,1014,1011,4,2,1,19,5,-,0,
MAR,1,34,27,20,23,20,17,81,58,30,1014,1012,1009,3,2,1,21,5,-,0,
MAR,2,34,28,23,24,22,17,83,61,36,1015,1012,1010,4,2,1,21,6,-,0,
MAR,3,36,29,23,22,19,15,80,50,27,1016,1013,1011,4,2,1,19,8,34,0,
MAR,4,33,28,23,22,18,15,81,50,29,1017,1013,1011,4,3,2,19,10,37,9.91,"Rain , Thunderstorm"
MAR,5,34,27,21,22,18,10,79,53,23,1013,1011,1009,4,3,2,23,6,34,0,
MAR,6,33,26,19,22,18,13,88,56,29,1014,1011,1010,4,3,2,23,8,-,0,
MAR,7,33,27,20,20,17,13,83,51,29,1013,1011,1008,4,3,2,23,6,35,0,
MAR,8,34,28,21,21,16,10,74,45,19,1012,1010,1008,4,3,2,21,8,34,0,
MAR,9,34,28,22,19,17,12,63,46,20,1013,1011,1009,4,3,2,24,10,-,0,
MAR,10,35,27,19,21,17,12,78,48,21,1013,1011,1009,4,3,2,23,8,34,0,
MAR,11,36,29,22,23,20,15,80,56,25,1014,1011,1009,3,3,2,19,8,-,0,
MAR,12,32,27,21,23,19,15,83,60,37,1013,1011,1009,5,3,2,23,8,-,0,
MAR,13,31,27,23,23,21,15,83,67,34,1015,1013,1011,10,5,2,19,10,35,0,
MAR,14,30,26,21,21,20,19,84,66,43,1015,1013,1011,6,4,2,26,10,37,0,
MAR,15,31,27,22,21,19,14,78,59,37,1014,1011,1009,5,4,2,26,10,34,0,
MAR,16,31,26,21,23,21,13,81,66,39,1013,1011,1009,5,4,2,24,8,34,0,
MAR,17,31,27,22,23,22,18,90,71,37,1014,1012,1009,5,3,2,21,8,35,0,
MAR,18,33,27,21,24,21,18,87,63,42,1014,1011,1008,5,3,2,24,8,34,0,
MAR,19,36,30,23,24,19,12,79,49,22,1013,1011,1009,5,3,2,21,10,-,0,
MAR,20,37,30,23,22,18,13,66,48,21,1014,1012,1010,4,3,2,19,10,37,0,
MAR,21,36,29,23,23,18,7,80,49,17,1014,1011,1009,8,4,2,23,10,-,0,
MAR,22,35,28,20,21,18,11,81,48,24,1011,1009,1007,4,3,2,24,8,34,0,
MAR,23,38,29,21,22,16,8,82,42,15,1011,1008,1006,4,3,1,21,8,-,0,
MAR,24,33,28,23,25,23,18,84,68,51,1013,1011,1008,4,3,1,23,10,-,0,
MAR,25,32,28,24,25,24,22,89,76,60,1014,1012,1010,5,3,2,23,10,37,0,
MAR,26,32,28,23,25,23,21,89,72,51,1014,1012,1010,4,3,2,23,8,34,0,
MAR,27,35,29,23,25,21,17,82,56,27,1013,1011,1008,4,3,2,21,8,34,0,
MAR,28,35,28,21,25,18,10,84,50,19,1013,1011,1009,5,4,2,23,10,-,0,
MAR,29,33,28,22,25,22,14,89,67,25,1013,1012,1010,6,4,2,23,6,32,0,
MAR,30,34,28,22,24,22,12,90,65,28,1014,1012,1010,7,4,2,23,8,35,0,
MAR,31,33,28,23,23,22,17,86,68,34,1014,1012,1009,5,4,2,24,10,37,0,
APR,1,32,28,23,24,23,19,88,72,37,1011,1009,1007,7,4,2,23,8,34,0,
APR,2,32,28,23,25,23,22,87,75,52,1012,1010,1008,4,3,2,26,10,35,0,
APR,3,32,28,23,25,23,22,89,73,50,1013,1011,1009,4,3,2,23,10,35,0,
APR,4,33,28,23,25,24,22,85,71,52,1012,1009,1006,4,3,2,23,8,34,0,
APR,5,32,28,24,25,24,22,85,74,58,1012,1009,1007,5,3,2,23,11,-,0,
APR,6,32,27,22,24,22,18,85,66,42,1012,1010,1008,5,3,2,24,8,-,0,
APR,7,34,29,23,25,20,12,83,58,21,1012,1010,1007,5,3,2,24,10,37,0,
APR,8,37,30,24,22,17,10,74,46,16,1011,1009,1007,4,3,2,21,11,34,0,
APR,9,35,30,25,24,20,16,79,53,29,1012,1009,1008,6,3,2,21,11,39,0,
APR,10,34,29,23,25,22,18,79,59,36,1013,1011,1009,4,3,2,26,11,-,0,
APR,11,36,30,25,24,21,17,79,57,27,1013,1011,1009,7,3,2,23,11,37,0,
APR,12,36,30,24,24,22,17,79,58,24,1011,1009,1006,6,4,2,24,11,34,0,
APR,13,33,28,23,25,23,22,84,70,53,1010,1008,1005,5,3,2,24,10,37,0,
APR,14,33,28,23,24,23,20,86,67,43,1009,1008,1006,4,3,2,23,8,40,0,
APR,15,34,28,22,25,23,17,85,66,36,1010,1009,1007,5,3,2,23,10,35,0,
APR,16,32,28,23,25,23,21,85,70,46,1010,1009,1007,5,4,2,27,11,35,0,
APR,17,33,28,22,25,23,21,84,70,44,1010,1009,1007,6,4,2,23,8,37,0,
APR,18,33,29,24,26,24,22,84,69,46,1010,1008,1005,5,4,2,76,13,42,0,
APR,19,34,29,25,26,23,20,80,65,46,1010,1008,1006,5,4,2,23,11,34,0,
APR,20,33,29,26,25,24,22,84,69,52,1012,1010,1009,4,4,2,23,8,35,0,
APR,21,32,29,25,25,24,23,84,73,56,1011,1010,1008,5,4,2,24,10,40,0,
APR,22,32,28,24,24,22,20,84,68,44,1012,1010,1008,6,4,2,23,11,-,0,
APR,23,32,29,26,24,23,22,79,68,47,1010,1008,1006,6,4,2,23,11,37,0,
APR,24,32,29,25,24,23,21,79,67,46,1009,1007,1006,6,4,2,24,11,35,0,
APR,25,33,29,24,23,22,21,79,66,44,1010,1008,1006,6,4,2,21,8,47,0,
APR,26,33,28,22,25,23,19,86,68,33,1011,1009,1007,5,4,2,21,8,39,0,
APR,27,38,31,25,25,21,12,84,52,12,1010,1007,1005,5,4,2,24,10,34,0,
APR,28,36,31,25,25,22,14,74,55,27,1009,1007,1005,5,4,2,24,10,37,0,
APR,29,34,30,26,26,24,22,89,71,48,1010,1008,1007,4,3,1,23,10,-,0,
APR,30,34,29,25,26,24,19,84,69,43,1011,1009,1008,6,4,2,24,8,-,0,
MAY,1,33,29,25,26,24,21,84,72,48,1010,1008,1006,6,4,2,23,10,34,0,
MAY,2,34,30,26,26,24,23,84,72,47,1011,1009,1007,5,4,2,23,10,45,0,
MAY,3,34,29,24,25,24,21,89,71,46,1010,1008,1006,10,4,2,24,8,39,0,
MAY,4,34,30,26,25,24,23,82,72,49,1010,1008,1006,10,5,2,23,6,34,0,
MAY,5,33,30,27,25,24,23,79,70,47,1011,1009,1006,10,5,2,23,8,40,0,
MAY,6,33,29,25,25,24,22,79,68,48,1010,1009,1006,10,5,2,23,10,39,0,
MAY,7,33,29,25,25,24,22,80,70,45,1010,1008,1006,6,4,2,24,10,34,0,
MAY,8,33,30,26,25,24,24,79,71,53,1011,1009,1008,5,4,2,145,11,35,0,
MAY,9,33,30,26,26,24,23,84,71,49,1011,1009,1006,10,5,2,24,10,37,0,
MAY,10,34,30,26,26,25,22,84,73,46,1010,1009,1006,5,4,2,19,8,-,0,Thunderstorm
MAY,11,33,30,26,26,26,22,84,73,54,1010,1009,1006,5,4,2,23,10,37,0,
MAY,12,33,30,26,26,26,24,84,74,51,1009,1007,1004,5,4,2,26,11,40,0,
MAY,13,34,30,26,26,26,24,84,74,51,1009,1007,1005,6,4,2,23,10,37,0,
MAY,14,34,31,27,26,26,25,79,72,55,1010,1008,1006,8,4,2,27,10,34,0,
MAY,15,34,30,26,27,26,24,84,73,58,1010,1007,1006,7,5,2,24,10,37,0,
MAY,16,34,30,27,27,26,25,84,75,57,1007,1005,1003,6,4,2,24,10,34,0,
MAY,17,34,31,27,27,26,25,84,75,57,1006,1003,1001,4,3,2,24,10,39,0,
MAY,18,34,31,28,27,26,26,84,75,54,1004,1002,1000,4,4,2,24,11,40,0,
MAY,19,34,31,28,27,26,25,84,72,54,1004,1002,1001,6,4,2,23,14,45,0,
MAY,20,34,32,29,27,26,25,79,72,52,1006,1004,1002,5,4,2,23,16,45,0,
MAY,21,34,32,29,27,26,25,79,71,51,1008,1006,1004,5,4,2,24,18,42,0,
MAY,22,34,32,29,27,26,24,79,70,49,1009,1008,1006,6,4,2,26,16,47,0,
MAY,23,35,32,29,27,26,25,79,71,51,1010,1008,1007,6,4,2,23,18,40,0,
MAY,24,35,32,29,27,26,24,79,70,50,1009,1008,1006,7,5,2,26,16,37,0,
MAY,25,35,32,29,27,26,24,84,71,48,1009,1007,1005,8,5,2,24,16,37,0,"Rain , Thunderstorm"
MAY,26,35,32,29,27,26,24,84,69,50,1009,1007,1006,6,4,2,24,16,39,0,Rain
MAY,27,35,32,28,26,26,24,79,69,48,1010,1008,1007,8,4,2,23,13,34,0,
MAY,28,35,32,28,26,26,24,79,70,50,1010,1008,1006,7,4,2,24,14,39,0,
MAY,29,35,32,29,26,26,24,79,69,52,1009,1007,1006,10,5,2,24,14,42,0,
MAY,30,36,32,29,27,26,23,79,68,48,1008,1007,1005,8,5,2,23,14,42,0,
MAY,31,35,31,27,26,26,24,79,67,47,1009,1007,1006,7,5,2,26,13,40,0,
JUN,1,35,32,29,26,26,24,75,67,50,1010,1008,1006,6,4,2,82,13,39,0,
JUN,2,35,32,29,26,25,24,75,63,45,1009,1007,1005,6,4,2,27,14,42,0,
JUN,3,36,32,28,26,25,23,75,66,45,1008,1007,1004,6,5,2,27,13,45,0,
JUN,4,34,31,28,27,26,24,79,70,51,1009,1006,1004,6,4,2,24,14,37,0,
JUN,5,33,30,27,27,26,23,84,71,47,1009,1007,1004,5,4,2,26,16,37,0,Thunderstorm
JUN,6,34,31,29,27,26,24,84,71,53,1008,1006,1004,5,3,2,19,11,37,0,Thunderstorm
JUN,7,35,32,28,27,26,26,84,73,54,1007,1006,1004,6,4,2,24,13,37,0,
JUN,8,35,32,28,26,26,24,75,69,48,1007,1005,1003,5,4,2,26,14,34,0,
JUN,9,35,32,29,26,26,24,75,69,50,1007,1005,1003,5,4,2,24,16,42,0,
JUN,10,34,32,29,26,26,25,75,70,49,1007,1006,1005,5,4,2,24,14,40,0,
JUN,11,31,28,26,27,26,25,94,79,66,1009,1007,1005,4,3,1,124,18,37,37.08,"Rain , Thunderstorm"
JUN,12,34,31,27,27,27,26,89,75,54,1008,1006,1005,5,3,2,24,14,40,0,Rain
JUN,13,34,32,29,27,26,25,84,70,50,1008,1007,1006,5,3,2,27,18,48,0.25,
JUN,14,35,32,28,27,26,25,84,71,48,1008,1006,1005,4,3,2,27,18,40,5.08,
JUN,15,34,31,27,27,26,25,89,72,53,1006,1005,1004,4,3,2,206,21,47,0,Rain
JUN,16,34,31,28,27,26,24,79,70,53,1006,1004,1003,4,3,2,24,16,42,0,
JUN,17,34,31,28,26,26,25,79,70,50,1006,1005,1003,4,3,2,26,18,37,0,
JUN,18,34,29,25,26,25,24,82,69,51,1007,1005,1003,3,3,2,24,18,40,0,"Rain , Hail , Thunderstorm"
JUN,19,31,28,25,27,25,23,94,77,62,1005,1004,1002,3,3,1,23,14,37,28.96,Rain
JUN,20,29,26,23,26,25,23,95,85,74,1005,1003,1000,5,3,1,16,8,-,2.03,"Rain , Thunderstorm"
JUN,21,32,28,24,27,26,25,100,86,68,1006,1002,1001,7,3,1,23,11,42,37.08,"Rain , Thunderstorm"
JUN,22,32,28,24,26,25,24,94,82,62,1006,1005,1003,8,4,2,23,11,37,2.03,Rain
JUN,23,31,28,25,27,25,24,94,85,65,1006,1005,1002,7,3,1,26,11,34,34.04,"Rain , Thunderstorm"
JUN,24,31,28,24,27,26,25,95,91,79,1005,1004,1002,4,2,1,24,13,37,113.03,"Rain , Thunderstorm"
JUN,25,27,26,24,26,25,24,100,91,84,1007,1005,1003,3,2,1,23,13,45,40.89,"Rain , Thunderstorm"
JUN,26,29,27,23,26,25,24,100,91,73,1007,1005,1003,4,2,1,23,13,40,30.99,"Rain , Thunderstorm"
JUN,27,29,27,24,27,26,24,98,91,83,1004,1003,1001,4,2,0,23,14,37,71.12,Rain
JUN,28,29,27,24,27,26,25,100,93,84,1005,1002,1001,2,2,1,24,10,40,76.96,Rain
JUN,29,28,26,23,26,24,24,100,92,79,1005,1004,1002,3,2,1,24,11,42,12.95,Rain
JUN,30,31,28,24,27,25,24,96,89,72,1005,1004,1002,3,2,1,24,13,61,67.06,Rain
JUL,1,29,26,23,28,26,24,100,93,83,1004,1002,1000,2,2,1,24,11,42,72.9,"Rain , Thunderstorm"
JUL,2,28,26,24,27,26,25,100,93,85,1003,1002,1000,3,2,1,32,18,50,87.12,"Rain , Thunderstorm"
JUL,3,29,27,24,27,26,25,100,90,84,1004,1002,1000,3,2,1,29,19,48,21.08,Rain
JUL,4,30,27,24,29,26,24,95,90,84,1005,1004,1002,3,2,1,23,14,40,32,Rain
JUL,5,31,27,24,27,26,23,96,88,70,1006,1004,1002,3,2,1,34,11,55,8.89,Rain
JUL,6,31,27,24,27,26,24,100,85,68,1006,1004,1002,4,3,2,26,11,34,7.87,Rain
JUL,7,29,28,26,27,26,24,89,82,71,1006,1005,1004,4,3,2,23,16,34,1.02,Rain
JUL,8,29,28,27,27,26,24,94,84,73,1006,1004,1003,3,3,2,26,18,40,9.91,Rain
JUL,9,29,27,25,26,26,24,89,83,72,1004,1003,1001,3,3,2,26,19,45,0.76,Rain
JUL,10,29,28,27,26,26,24,94,83,72,1003,1002,1001,3,3,2,42,21,61,3.05,Rain
JUL,11,29,28,26,26,26,24,89,86,77,1004,1002,1001,3,3,2,35,23,47,5.08,Rain
JUL,12,29,27,25,27,26,24,89,85,76,1004,1003,1001,4,3,2,27,16,45,3.05,Rain
JUL,13,31,27,24,27,26,24,100,84,70,1005,1003,1002,4,3,1,27,18,45,7.87,Rain
JUL,14,30,28,25,26,26,24,94,89,67,1006,1004,1003,5,3,1,26,14,45,8.89,Rain
JUL,15,31,28,24,27,26,24,94,86,64,1006,1005,1004,5,3,2,24,11,45,2.03,Rain
JUL,16,31,28,26,27,25,22,89,82,66,1007,1005,1004,5,3,2,24,14,42,2.03,Rain
JUL,17,32,28,24,27,25,24,95,86,61,1009,1007,1006,5,3,1,24,11,45,13.97,Rain
JUL,18,30,27,24,26,25,24,94,87,71,1010,1008,1007,5,3,1,24,13,42,34.04,Rain
JUL,19,27,25,23,26,25,24,100,92,84,1009,1008,1007,4,2,1,26,13,45,64.01,Rain
JUL,20,30,27,24,26,25,24,94,84,73,1008,1007,1005,4,3,2,24,14,35,9.91,Rain
JUL,21,28,26,23,26,24,22,100,90,78,1007,1006,1004,3,2,1,23,6,32,12.95,Rain
JUL,22,29,27,23,26,25,24,94,87,71,1006,1005,1003,4,3,2,24,10,37,5.08,Rain
JUL,23,32,28,23,27,25,24,94,86,65,1006,1004,1002,4,3,1,27,10,-,6.1,Rain
JUL,24,31,28,24,26,25,24,94,85,68,1006,1004,1002,4,3,2,24,8,42,0.51,Rain
JUL,25,29,27,24,26,26,24,94,86,71,1007,1005,1003,5,3,2,19,8,34,0,Rain
JUL,26,28,27,25,26,24,24,100,89,84,1007,1005,1004,4,3,1,19,8,-,67.06,Rain
JUL,27,28,26,23,25,24,23,94,90,74,1008,1006,1005,3,3,2,21,8,-,3.05,Rain
JUL,28,30,27,23,26,24,23,100,89,68,1008,1007,1004,4,2,1,19,8,37,28.96,"Rain , Thunderstorm"
JUL,29,28,25,22,26,24,23,100,94,79,1008,1006,1004,3,2,1,16,6,32,59.94,Rain
JUL,30,29,26,23,26,25,24,100,89,77,1007,1005,1004,6,3,1,23,11,37,7.11,"Rain , Thunderstorm"
JUL,31,27,26,25,26,25,24,100,92,82,1008,1006,1005,3,2,1,24,14,34,105.92,Rain
AUG,1,28,26,23,26,25,24,100,91,79,1007,1005,1003,3,2,1,35,19,61,24.89,Rain
AUG,2,28,26,24,26,25,24,94,86,82,1005,1002,1000,4,3,1,34,23,48,10.92,Rain
AUG,3,29,27,25,26,25,24,100,85,75,1003,1002,1000,3,3,1,34,19,47,11.94,Rain
AUG,4,31,28,24,26,26,24,94,84,65,1005,1003,1001,4,3,1,29,21,45,1.02,Rain
AUG,5,28,26,24,27,26,24,100,91,80,1004,1002,1001,3,2,1,32,18,50,134.11,Rain
AUG,6,28,27,24,26,25,24,94,87,79,1005,1004,1002,4,2,1,37,21,55,10.92,Rain
AUG,7,31,28,25,26,25,24,89,81,66,1006,1005,1003,6,3,2,26,19,42,2.03,Rain
AUG,8,31,28,25,26,25,24,89,82,68,1007,1006,1004,6,3,2,29,19,48,2.03,Rain
AUG,9,31,28,26,26,25,24,94,82,65,1007,1006,1004,6,3,2,29,19,48,2.03,Rain
AUG,10,31,28,24,26,25,24,94,82,68,1007,1006,1004,5,3,1,34,21,53,0.76,Rain
AUG,11,30,27,24,26,25,24,94,84,65,1009,1008,1006,6,3,2,26,16,45,2.03,Rain
AUG,12,31,28,25,26,25,24,94,83,69,1009,1008,1007,4,3,2,29,18,37,1.02,Rain
AUG,13,31,28,26,26,25,24,94,81,68,1009,1007,1006,5,4,2,29,18,45,0,Rain
AUG,14,30,28,26,26,25,24,89,81,65,1008,1007,1005,4,3,2,32,19,42,3.05,Rain
AUG,15,31,28,26,26,25,24,89,80,63,1008,1007,1006,4,3,2,27,19,39,2.03,Rain
AUG,16,31,28,26,26,24,24,84,78,60,1007,1006,1005,4,3,2,29,19,39,0,Rain
AUG,17,32,29,26,25,24,23,89,79,61,1006,1005,1003,4,3,2,26,18,42,7.11,Rain
AUG,18,31,28,24,26,25,24,89,80,57,1006,1005,1003,4,3,2,23,14,40,0,Rain
AUG,19,31,28,26,26,24,24,89,79,63,1007,1005,1004,4,3,2,24,16,37,0.51,Rain
AUG,20,31,28,25,26,25,24,84,79,68,1007,1005,1003,3,3,2,24,14,37,1.02,Rain
AUG,21,31,28,26,26,25,24,84,80,67,1007,1005,1004,4,3,2,23,16,39,0.51,Rain
AUG,22,30,28,26,26,25,20,89,83,62,1007,1006,1005,3,3,1,23,16,37,7.87,Rain
AUG,23,29,27,23,26,25,24,94,86,72,1007,1006,1004,4,3,1,26,14,-,7.87,Rain
AUG,24,31,28,24,26,25,24,94,84,65,1007,1005,1004,4,3,2,29,16,35,5.08,Rain
AUG,25,32,28,24,25,24,23,89,77,60,1008,1007,1006,5,3,2,24,14,32,0,Rain
AUG,26,28,26,24,25,24,24,100,89,73,1008,1007,1005,3,2,1,16,10,35,16,Rain
AUG,27,27,26,24,25,25,24,100,95,89,1009,1006,1004,2,2,1,14,6,34,20.07,Rain
AUG,28,28,26,23,27,25,24,100,92,79,1008,1006,1005,3,2,1,23,10,-,39.88,Rain
AUG,29,31,28,25,26,25,24,94,84,68,1008,1006,1004,4,3,2,26,11,39,1.02,Rain
AUG,30,29,27,25,26,25,24,89,85,70,1007,1005,1004,4,3,2,24,11,-,2.03,Rain
AUG,31,31,28,25,25,24,24,89,81,63,1008,1006,1004,8,4,2,24,11,-,0.25,Rain
SEP,1,31,28,25,26,24,23,94,79,59,1008,1007,1005,7,4,2,26,13,39,4.06,Rain
SEP,2,30,28,25,25,24,23,95,83,66,1008,1007,1006,7,3,2,32,13,47,18.03,Rain
SEP,3,31,27,23,26,24,23,95,83,61,1009,1007,1006,5,3,2,23,10,35,0.76,Rain
SEP,4,31,28,24,25,24,23,94,75,57,1011,1010,1008,6,4,2,26,11,45,0,Rain
SEP,5,31,28,25,24,23,23,84,72,57,1012,1011,1009,5,4,2,23,14,39,0,
SEP,6,31,28,25,24,23,22,79,72,56,1012,1011,1009,5,4,2,24,13,37,0,
SEP,7,31,28,25,24,23,22,89,75,56,1011,1010,1008,4,3,2,27,14,42,5.08,Rain
SEP,8,31,28,24,25,23,23,91,76,57,1011,1010,1008,4,3,2,23,8,-,0,Rain
SEP,9,31,28,24,24,24,22,94,80,57,1012,1011,1009,5,3,1,23,10,-,26.92,Rain
SEP,10,31,27,22,26,24,22,94,80,61,1012,1010,1008,4,3,2,24,8,-,0,Rain
SEP,11,31,28,24,26,24,21,94,79,58,1011,1009,1007,5,3,2,19,8,-,2.03,Rain
SEP,12,32,28,23,25,24,23,89,78,60,1010,1008,1006,5,3,2,19,8,-,0,Rain
SEP,13,30,27,23,25,24,23,89,80,64,1010,1008,1007,5,3,2,21,8,-,1.02,Rain
SEP,14,31,28,24,25,24,24,89,77,61,1010,1008,1006,5,3,2,21,8,-,0,Rain
SEP,15,27,26,25,26,25,24,100,90,74,1009,1007,1005,4,2,1,21,10,-,80.01,"Rain , Thunderstorm"
SEP,16,29,26,23,26,25,23,94,89,83,1007,1005,1003,3,2,1,13,8,-,8.89,Rain
SEP,17,29,26,23,26,25,23,100,91,79,1005,1004,1002,4,2,1,23,11,40,39.12,"Rain , Thunderstorm"
SEP,18,27,25,23,26,25,24,100,93,84,1008,1005,1003,3,2,1,37,13,45,35.05,Rain
SEP,19,29,26,23,25,24,24,100,87,74,1010,1008,1006,4,3,1,23,13,32,22.1,Rain
SEP,20,28,26,23,25,24,23,100,94,83,1010,1008,1007,3,2,1,23,10,37,131.06,Rain
SEP,21,27,24,22,25,24,24,100,94,89,1010,1008,1006,3,2,1,24,10,-,68.07,"Rain , Thunderstorm"
SEP,22,28,26,23,26,25,23,100,89,79,1010,1008,1006,4,3,1,21,13,-,29.97,"Rain , Thunderstorm"
SEP,23,28,26,24,27,26,24,100,92,84,1008,1006,1004,3,2,1,23,13,-,90.93,"Rain , Thunderstorm"
SEP,24,29,26,23,26,25,23,100,87,74,1007,1005,1003,4,3,1,19,11,37,1.02,"Rain , Thunderstorm"
SEP,25,29,27,23,26,24,23,94,84,66,1008,1006,1004,5,3,2,21,11,-,7.11,"Rain , Thunderstorm"
SEP,26,31,28,24,26,24,23,89,79,61,1010,1008,1007,6,4,2,23,10,-,0,
SEP,27,29,27,25,26,25,24,94,83,68,1011,1009,1007,4,3,2,21,11,34,2.03,Rain
SEP,28,31,27,24,26,25,24,94,81,68,1010,1009,1007,4,3,2,24,10,40,0,
SEP,29,31,28,24,25,24,22,89,76,57,1010,1008,1006,6,4,2,24,10,-,0,Rain
SEP,30,31,27,22,24,23,22,89,76,59,1010,1007,1005,6,4,2,24,8,34,0,
OCT,1,28,26,24,26,24,23,100,86,76,1009,1007,1006,4,3,1,19,10,-,7.87,Rain
OCT,2,27,24,23,25,24,23,100,95,89,1011,1008,1007,3,2,1,19,10,-,2.03,"Rain , Thunderstorm"
OCT,3,27,25,23,26,24,23,95,92,83,1009,1007,1005,4,3,2,14,8,-,0,"Rain , Thunderstorm"
OCT,4,26,24,23,26,24,23,100,93,83,1009,1008,1006,4,2,1,21,11,34,37.08,Rain
OCT,5,28,26,22,25,24,22,100,89,78,1010,1009,1007,4,3,1,24,10,34,14.99,Rain
OCT,6,31,27,23,25,24,23,100,86,65,1011,1009,1007,4,3,2,23,10,-,0.51,Rain
OCT,7,32,28,24,26,24,24,94,84,57,1011,1009,1007,5,4,2,23,10,-,0,Rain
OCT,8,32,28,23,26,24,23,89,80,58,1011,1009,1007,5,4,2,21,11,-,0,
OCT,9,31,27,23,26,25,23,89,82,63,1011,1009,1006,4,3,2,21,10,-,0,
OCT,10,31,28,24,26,26,24,94,81,66,1011,1009,1007,4,3,2,23,8,-,0,
OCT,11,32,28,24,26,24,23,94,79,56,1011,1009,1008,4,3,2,24,8,-,0,
OCT,12,31,27,23,24,24,23,89,75,53,1011,1009,1008,8,3,2,19,10,-,0,
OCT,13,33,28,22,24,22,15,84,71,32,1012,1010,1008,5,4,2,21,10,-,0,
OCT,14,33,28,22,24,23,19,89,69,43,1012,1010,1008,4,3,2,19,10,-,0,
OCT,15,33,27,21,25,23,19,84,69,43,1012,1010,1008,3,2,2,16,8,-,0,
OCT,16,33,29,24,26,24,22,89,73,51,1013,1011,1009,3,2,1,21,8,-,0,
OCT,17,34,29,24,26,23,20,86,66,46,1012,1010,1008,3,2,2,19,8,-,0,
OCT,18,35,30,25,25,21,11,79,56,22,1011,1009,1007,4,2,2,19,8,-,0,
OCT,19,35,29,22,24,19,14,74,49,28,1011,1009,1007,3,3,2,21,8,34,0,
OCT,20,35,28,21,21,19,13,83,52,28,1010,1008,1006,4,3,2,19,6,-,0,
OCT,21,34,27,21,23,20,17,79,58,34,1011,1009,1007,4,3,2,19,8,-,0,
OCT,22,33,28,23,24,22,19,83,68,35,1012,1010,1009,3,2,2,19,6,-,0,
OCT,23,33,28,23,25,23,20,84,71,39,1013,1011,1009,3,2,1,23,8,-,0,
OCT,24,33,28,23,24,22,17,86,69,38,1013,1011,1009,4,3,2,21,8,-,0,
OCT,25,31,27,22,24,21,16,91,64,42,1013,1011,1008,4,3,2,21,10,-,0,
OCT,26,33,26,18,22,19,15,81,59,43,1013,1011,1009,4,3,2,19,6,-,0,
OCT,27,35,28,20,23,18,14,78,51,28,1015,1012,1009,6,3,2,26,6,-,0,
OCT,28,35,27,19,21,16,9,77,45,20,1014,1011,1009,4,3,2,23,10,-,0,
OCT,29,34,27,20,21,18,12,80,52,25,1013,1011,1009,3,3,2,19,8,-,0,
OCT,30,34,26,18,20,16,10,83,48,24,1014,1011,1009,5,3,1,19,8,-,0,
OCT,31,36,28,20,25,19,13,79,49,39,1015,1012,1011,4,3,2,23,10,-,0,
NOV,1,35,29,22,22,17,11,67,42,23,1015,1012,1010,5,3,2,23,8,-,0,
NOV,2,35,28,22,18,12,7,71,34,19,1014,1012,1010,5,3,2,21,13,-,0,
NOV,3,35,28,20,20,14,8,72,40,16,1014,1012,1010,8,3,2,19,10,-,0,
NOV,4,32,25,18,21,16,12,71,46,25,1013,1011,1008,5,3,2,21,8,-,0,
NOV,5,33,26,19,22,17,13,85,52,27,1011,1009,1007,4,3,2,19,8,-,0,
NOV,6,34,27,19,21,14,8,79,44,17,1013,1011,1009,4,3,2,21,8,-,0,
NOV,7,34,26,18,20,17,10,84,52,20,1015,1013,1011,4,3,2,24,8,-,0,
NOV,8,34,26,17,21,13,9,73,39,15,1016,1013,1011,4,3,2,19,6,-,0,
NOV,9,34,26,17,19,12,9,76,38,19,1016,1014,1012,4,3,2,19,6,-,0,
NOV,10,34,25,16,17,13,8,70,41,20,1016,1013,1011,4,3,2,19,6,-,0,
NOV,11,35,26,16,16,12,4,78,41,10,1015,1012,1010,4,3,2,16,6,-,0,
NOV,12,34,26,17,17,13,8,75,42,14,1015,1012,1010,4,3,2,14,6,-,0,
NOV,13,34,27,19,19,14,10,70,43,18,1015,1013,1011,4,3,2,21,8,-,0,
NOV,14,34,27,19,19,16,12,73,46,23,1015,1013,1011,3,3,2,16,6,-,0,
NOV,15,34,27,19,22,19,17,83,57,34,1014,1012,1010,3,2,2,13,5,-,0,
NOV,16,36,29,22,23,21,19,80,59,37,1014,1012,1010,3,2,2,16,6,-,0,
NOV,17,36,29,23,22,18,10,76,50,21,1015,1013,1011,4,3,2,19,8,-,0,
NOV,18,34,28,22,20,13,11,71,39,22,1014,1012,1009,4,3,2,21,11,-,0,
NOV,19,35,28,20,20,14,10,69,43,21,1013,1010,1008,4,3,2,14,6,-,0,
NOV,20,34,26,16,19,14,6,76,47,12,1013,1011,1009,5,3,2,16,6,-,0,
NOV,21,36,26,16,18,14,5,83,45,13,1014,1011,1009,5,3,2,16,6,-,0,
NOV,22,36,27,17,21,13,9,67,42,14,1013,1011,1009,3,3,2,16,6,-,0,
NOV,23,36,27,17,18,14,9,75,42,13,1013,1011,1009,3,3,2,13,6,-,0,
NOV,24,36,27,18,19,14,8,72,42,13,1013,1011,1009,4,3,2,19,6,-,0,
NOV,25,35,27,18,18,13,5,65,40,14,1013,1011,1009,5,3,2,14,6,-,0,
NOV,26,36,27,17,17,13,7,69,40,18,1014,1012,1010,4,3,2,16,6,-,0,
NOV,27,36,26,16,18,14,7,78,45,18,1015,1012,1009,4,3,2,21,6,-,0,
NOV,28,36,27,18,21,16,10,78,48,21,1014,1012,1009,3,3,2,19,5,-,0,
NOV,29,33,26,19,22,19,15,89,61,25,1014,1012,1011,3,2,1,16,5,-,0,
NOV,30,32,26,18,21,18,16,82,58,36,1016,1013,1011,3,2,2,14,3,-,0,
DEC,1,32,24,17,21,17,12,82,52,28,1015,1012,1010,3,2,1,14,3,-,0,
DEC,2,36,27,18,18,16,10,78,49,17,1015,1012,1009,3,2,2,19,6,-,0,
DEC,3,35,27,18,20,16,12,65,46,24,1015,1013,1011,3,2,2,16,8,-,0,
DEC,4,36,29,22,22,18,15,65,50,30,1017,1014,1012,4,3,2,21,10,-,0,
DEC,5,36,30,23,21,19,18,70,54,34,1015,1013,1011,3,3,2,19,8,-,0,
DEC,6,34,28,21,20,16,11,76,47,19,1015,1013,1011,4,3,2,19,6,-,0,
DEC,7,34,26,17,18,13,9,69,44,16,1016,1013,1011,4,2,2,21,8,-,0,
DEC,8,34,26,17,16,13,8,70,42,16,1015,1013,1011,4,3,2,19,6,-,0,
DEC,9,33,25,17,18,15,10,78,51,25,1014,1012,1010,3,2,1,16,5,-,0,
DEC,10,31,23,16,18,15,11,83,52,26,1014,1012,1010,3,2,1,16,5,-,0,
DEC,11,31,23,15,19,14,8,81,50,16,1013,1011,1009,5,3,2,16,6,-,0,
DEC,12,34,24,16,18,14,8,88,46,20,1013,1010,1009,4,2,1,16,6,-,0,
DEC,13,35,26,16,16,14,8,77,43,19,1012,1010,1007,4,3,1,21,5,-,0,
DEC,14,35,27,18,21,15,10,74,43,21,1013,1011,1009,4,3,2,19,6,-,0,
DEC,15,36,29,22,21,19,18,73,55,38,1014,1012,1010,5,3,2,21,6,-,0,
DEC,16,34,28,22,21,18,16,66,49,30,1015,1013,1011,4,3,2,19,6,-,0,
DEC,17,35,28,21,24,17,13,63,45,30,1016,1014,1011,4,3,2,19,8,-,0,
DEC,18,33,26,18,18,13,9,56,37,24,1016,1014,1013,6,3,2,19,6,-,0,
DEC,19,32,24,17,18,14,10,70,45,23,1017,1014,1012,4,3,2,19,6,-,0,
DEC,20,34,26,18,19,14,11,78,45,21,1015,1013,1011,4,3,2,16,8,-,0,
DEC,21,34,25,16,19,14,8,79,47,21,1017,1014,1012,4,3,2,19,5,-,0,
DEC,22,33,24,16,19,15,11,81,51,18,1016,1014,1012,3,2,2,16,5,-,0,
DEC,23,32,24,16,20,16,11,86,52,27,1015,1012,1010,4,2,2,19,5,-,0,
DEC,24,31,23,16,19,16,12,82,56,31,1015,1010,1008,4,2,1,16,3,-,0,
DEC,25,32,24,16,20,17,10,96,61,26,1013,1011,1009,3,2,1,16,3,-,0,
DEC,26,33,24,16,19,15,10,87,51,21,1014,1012,1010,4,2,2,16,3,-,0,
DEC,27,32,23,15,19,13,9,80,44,26,1015,1012,1010,3,2,2,21,6,-,0,
DEC,28,34,26,17,16,11,5,59,38,17,1017,1012,1011,4,3,2,16,8,-,0,
DEC,29,34,25,16,16,12,7,68,40,17,1015,1013,1011,3,2,2,16,6,-,0,
DEC,30,35,26,16,17,13,8,76,43,14,1016,1013,1011,4,2,2,21,6,-,0,
DEC,31,33,24,17,19,16,12,82,53,26,1015,1013,1010,3,2,1,19,5,-,0,
